{
  "train_loss": [
    0.551266125270702,
    0.4161739344406975,
    0.37975970118986047,
    0.3606134493365396,
    0.34614317205696093,
    0.3333625609825985,
    0.3240860764595737,
    0.31477386058320633,
    0.30770866904301114,
    0.3001263115943341,
    0.2943328350711255,
    0.28848250409815746,
    0.2828686709320702,
    0.2786098183473374,
    0.2739129719504321,
    0.2692845602176949,
    0.26546845278609943,
    0.2628495610557909,
    0.25841648150556346,
    0.2550635499563712,
    0.25306863515415917,
    0.24979597644764598,
    0.24812818417166935,
    0.2451101190907125,
    0.242497991763765,
    0.24069227662844475,
    0.23755966517408153,
    0.2364364831971345,
    0.2339266256073494,
    0.2321697102263277
  ],
  "train_acc": [
    0.8132222222222222,
    0.8576666666666667,
    0.8698888888888889,
    0.8783518518518518,
    0.8831481481481481,
    0.8874074074074074,
    0.8915,
    0.8943703703703704,
    0.8968148148148148,
    0.9002222222222223,
    0.9024814814814814,
    0.9060185185185186,
    0.9067777777777778,
    0.9088148148148149,
    0.911425925925926,
    0.9128518518518518,
    0.9148148148148149,
    0.916425925925926,
    0.918074074074074,
    0.9200185185185186,
    0.9206111111111112,
    0.9214444444444444,
    0.9232592592592592,
    0.9237222222222222,
    0.9247777777777778,
    0.9258148148148149,
    0.9273518518518519,
    0.9282592592592592,
    0.9294444444444444,
    0.9301666666666667
  ],
  "val_loss": [
    0.43183116159439083,
    0.3981018748283383,
    0.38584249488512673,
    0.38558870115280147,
    0.35129134961764036,
    0.34712738763491285,
    0.3425756913185122,
    0.3384001203219093,
    0.3506444755395255,
    0.33534058396021516,
    0.33946338480313576,
    0.328819757445653,
    0.3272725678920745,
    0.3285197734038035,
    0.3296505610466002,
    0.33550262080828375,
    0.32223769497871424,
    0.31836856396993024,
    0.3211929657936098,
    0.31847444033622757,
    0.3257393410205844,
    0.32080079299608855,
    0.3223844931602481,
    0.3297522473176318,
    0.32361876586278293,
    0.3242805495580035,
    0.3220375676155088,
    0.3236218914826714,
    0.31938392383257574,
    0.323364037545522
  ],
  "val_acc": [
    0.8483333333333334,
    0.8606666666666667,
    0.8641666666666666,
    0.8638333333333333,
    0.8813333333333333,
    0.8793333333333333,
    0.8793333333333333,
    0.8795,
    0.8778333333333334,
    0.882,
    0.885,
    0.8846666666666667,
    0.8861666666666667,
    0.888,
    0.8901666666666667,
    0.8825,
    0.8891666666666667,
    0.891,
    0.8948333333333334,
    0.8908333333333334,
    0.8876666666666667,
    0.8918333333333334,
    0.8918333333333334,
    0.8875,
    0.8903333333333333,
    0.8876666666666667,
    0.8933333333333333,
    0.8906666666666667,
    0.8926666666666667,
    0.89
  ]
}