{
  "train_loss": [
    0.6665547607647369,
    0.48256169240269103,
    0.44541130079338614,
    0.4184399715769311,
    0.3993023168188308,
    0.38879664630786737,
    0.3780169615419464,
    0.3650532121989925,
    0.3576834305332469,
    0.3499548027071921,
    0.3443503258774509,
    0.3371528916608881,
    0.3318534240328894,
    0.32823586610269906,
    0.32224963899507875,
    0.319499857927393,
    0.3158112670685804,
    0.31133161564967554,
    0.3077665272719348,
    0.30370534231395035,
    0.30142033129703366,
    0.2991270304545509,
    0.2961042677025689,
    0.29365744518585196,
    0.29145373954971443,
    0.28887825376408166,
    0.2875880221777314,
    0.2852393885083658,
    0.283645791035949,
    0.281503126088319
  ],
  "train_acc": [
    0.78,
    0.8408333333333333,
    0.853462962962963,
    0.8638703703703704,
    0.8687592592592592,
    0.8730740740740741,
    0.8757037037037037,
    0.8803518518518518,
    0.8831481481481481,
    0.8857222222222222,
    0.887425925925926,
    0.8911481481481481,
    0.8933703703703704,
    0.8929444444444444,
    0.8963333333333333,
    0.8961296296296296,
    0.8976851851851851,
    0.9002777777777777,
    0.900962962962963,
    0.9025925925925926,
    0.902962962962963,
    0.9042037037037037,
    0.9050925925925926,
    0.9058518518518518,
    0.9063703703703704,
    0.9087037037037037,
    0.9081111111111111,
    0.9092592592592592,
    0.9095555555555556,
    0.9103148148148148
  ],
  "val_loss": [
    0.5118137525717418,
    0.47241826416651445,
    0.4458241117318473,
    0.4210764362812045,
    0.40617530520757056,
    0.40528773045539873,
    0.38969388100306157,
    0.38340378330548613,
    0.38159181755383825,
    0.3693843361854556,
    0.3633794239521025,
    0.37635307804743434,
    0.3626263914903005,
    0.35235795186360663,
    0.35229333651860556,
    0.34792561964988683,
    0.3505198279539743,
    0.35234898379643775,
    0.34529513146082536,
    0.3453388639132179,
    0.3403364667097728,
    0.34603581988016774,
    0.33941005649566636,
    0.33921561617851265,
    0.33750557513236984,
    0.3351793866316481,
    0.3309127810955046,
    0.33860776411692267,
    0.33072234463691746,
    0.3332003120740255
  ],
  "val_acc": [
    0.8276666666666667,
    0.8458333333333333,
    0.8471666666666666,
    0.857,
    0.8631666666666666,
    0.8606666666666667,
    0.8661666666666666,
    0.871,
    0.869,
    0.8725,
    0.876,
    0.8715,
    0.8728333333333333,
    0.8783333333333333,
    0.8791666666666667,
    0.881,
    0.88,
    0.877,
    0.8808333333333334,
    0.8815,
    0.882,
    0.8803333333333333,
    0.884,
    0.8828333333333334,
    0.8856666666666667,
    0.8886666666666667,
    0.8853333333333333,
    0.8828333333333334,
    0.8868333333333334,
    0.8883333333333333
  ]
}